brand,model,image_url,source
Apple,iPhone Duo,,
Apple,iPhone 18 Pro,,
Apple,iPhone Air,https://www.apple.com/v/iphone-air/i/images/meta/iphone-air_overview__dwhg6l117yqa_og.png?202609090344,เว็บแบรนด์ทางการ (og:image)
Apple,iPhone 17,https://www.apple.com/v/iphone-17/f/images/meta/iphone-17_overview__cg0rlzmbhl7m_og.png?202607011758,เว็บแบรนด์ทางการ (og:image)
Apple,iPhone 17e,https://www.apple.com/th/iphone-17e/images/meta/iphone17e_overview__b9tcq8ttub9e_og.png?202609070637,เว็บแบรนด์ทางการ (og:image)
Apple,iPhone 16,https://store.storeimages.cdn-apple.com/1/as-images.apple.com/is/iphone-16-finish-select-202409-6-1inch?wid=1200&hei=630&fmt=jpeg&qlt=95&.v=1724710494468,เว็บแบรนด์ทางการ (og:image)
Samsung,Galaxy S26,,
Samsung,Galaxy S26+,,
Samsung,Galaxy S26 Ultra,,
Samsung,Galaxy Z Fold8,,
Samsung,Galaxy Z Fold8 Ultra,,
Samsung,Galaxy Z Flip8,,
Samsung,Galaxy A57,,
Xiaomi,Xiaomi 17,https://i02.appmifile.com/492_item_th/27/02/2026/e7de01dea1296dac1e5d5d7bc4c09fa9.png,เว็บแบรนด์ทางการ (og:image)
Xiaomi,Xiaomi 17T,,
Xiaomi,REDMI Note 17 Pro Max 5G,,
Xiaomi,REDMI Note 17 Pro 5G,,
Xiaomi,REDMI Note 17 5G,,
Xiaomi,POCO F9 Ultra,,
Xiaomi,POCO F9 Pro,,
Xiaomi,POCO M8s 5G,,
Xiaomi,POCO C81 Pro,,
OPPO,Find N6,,
OPPO,Find X9 Ultra,,
OPPO,Find X9s,,
OPPO,Find X9,https://www.oppo.com/content/dam/oppo/common/mkt/v2-2/find-x9-series-en/listpage/find-x9/480-600-titanium-v2.png,เว็บแบรนด์ทางการ (og:image)
OPPO,Find X9 Pro,,
OPPO,Find X8 Pro,,
OPPO,Find X8,,
OPPO,Reno16 Pro 5G,,
OPPO,Reno16 5G,,
OPPO,Reno16 F 5G,,
OPPO,Reno15 5G,,
OPPO,A7 Pro Max 5G,,
OPPO,A7 Pro 5G,,
OPPO,A6s 5G,,
OPPO,A6,,
OPPO,A6x,,
vivo,X300 Pro,,
vivo,X300 Ultra,,
vivo,X300,,
vivo,X Fold5,,
