brand,model,price_thb,updated,source
Apple,iPhone Duo,,,
Apple,iPhone 18 Pro,,,
Apple,iPhone Air,,,
Apple,iPhone 17,,,
Apple,iPhone 17e,,,
Apple,iPhone 16,,,
Samsung,Galaxy S26,,,
Samsung,Galaxy S26+,,,
Samsung,Galaxy S26 Ultra,,,
Samsung,Galaxy Z Fold8,,,
Samsung,Galaxy Z Fold8 Ultra,,,
Samsung,Galaxy Z Flip8,,,
Samsung,Galaxy A57,,,
Xiaomi,Xiaomi 17,,,
Xiaomi,Xiaomi 17T,,,
Xiaomi,REDMI Note 17 Pro Max 5G,,,
Xiaomi,REDMI Note 17 Pro 5G,,,
Xiaomi,REDMI Note 17 5G,,,
Xiaomi,POCO F9 Ultra,,,
Xiaomi,POCO F9 Pro,,,
Xiaomi,POCO M8s 5G,,,
Xiaomi,POCO C81 Pro,,,
OPPO,Find N6,,,
OPPO,Find X9 Ultra,,,
OPPO,Find X9s,,,
OPPO,Find X9,,,
OPPO,Find X9 Pro,,,
OPPO,Find X8 Pro,,,
OPPO,Find X8,,,
OPPO,Reno16 Pro 5G,,,
OPPO,Reno16 5G,,,
OPPO,Reno16 F 5G,,,
OPPO,Reno15 5G,,,
OPPO,A7 Pro Max 5G,,,
OPPO,A7 Pro 5G,,,
OPPO,A6s 5G,,,
OPPO,A6,,,
OPPO,A6x,,,
vivo,X300 Pro,,,
vivo,X300 Ultra,,,
vivo,X300,,,
vivo,X Fold5,,,
